dataset,sample_drug_pairs,sample_drug_transcript_pairs,sample_drug_transcriptomics_mutation_pairs,sample_drug_transcriptomics_copynumber_pairs,sample_drug_mutation_copynumber_pairs
beataml,31926,4137,3958,,
bladder,3300,840,640,640,3100
ccle,11543,10887,10792,10887,11118
colorectal,140,60,60,60,140
cptac,,,,,
ctrpv2,309401,300507,295742,299698,300616
fimm,2663,2457,2457,2457,2611
gcsi,13398,12506,12338,12506,13112
gdscv1,247753,245220,241999,241240,242570
gdscv2,115440,114373,112829,112523,113133
hcmi,,,,,
liver,4453,4453,4453,4453,4453
mpnst,272,193,184,191,184
nci60,2960756,2329149,2329132,2329149,2784474
novartis,1766,1734,1734,1723,1723
pancreatic,190,190,185,185,185
prism,638983,632078,630672,632078,636226
sarcoma,275,234,187,,
